iteration,median,low_q,high_q,mean,std,EF,top_percent,AF,AF_low,AF_high
1.0,0.0,0.0,0.0,0.0,0.0,0.0,0.0,,,
2.0,0.0,0.0,0.0,0.0,0.0,0.0,0.002,0.03999680025597952,,
3.0,0.0,0.0,0.0,0.0,0.0,0.0,0.004,0.07998720204767237,0.07998720204767237,0.07998720204767237
4.0,0.0,0.0,0.0,0.0,0.0,0.0,0.006,0.11997120691034152,0.11997120691034152,0.11997120691034152
5.0,0.0,0.0,0.0,0.0,0.0,0.0,0.008,0.1599488163787588,0.1599488163787588,0.1599488163787588
6.0,0.0,0.0,0.0,0.0,0.0,0.0,0.01,0.1999200319872051,0.1999200319872051,0.1999200319872051
7.0,0.0,0.0,0.0,0.0,0.0,0.0,0.012,0.23988485526947065,0.23988485526947065,0.23988485526947065
8.0,0.0,0.0,0.0,0.0,0.0,0.0,0.013999999999999999,0.27984328775885503,0.27984328775885503,0.27984328775885503
9.0,0.0,0.0,0.0,0.0,0.0,0.0,0.016,0.3197953309881676,0.3197953309881676,0.3197953309881676
10.0,0.0,0.0,0.0,0.0,0.0,0.0,0.018,0.3597409864897274,0.3597409864897274,0.3597409864897274
11.0,0.0,0.0,0.0,0.0,0.0,0.0,0.019999999999999997,0.3996802557953637,0.3996802557953637,0.3996802557953637
12.0,0.0,0.0,0.0,0.0,0.0,0.0,0.022,0.439613140436416,0.439613140436416,0.439613140436416
13.0,0.0,0.0,0.0,0.0,0.0,0.0,0.024,0.479539641943734,0.479539641943734,0.479539641943734
14.0,0.0,0.0,0.0,0.0,0.0,0.0,0.026000000000000002,0.5194597618476784,0.5194597618476784,0.5194597618476784
15.0,0.0,0.0,0.0,0.0,0.0,0.0,0.028000000000000004,0.5593735016781205,0.5593735016781205,0.5593735016781205
16.0,0.0,0.0,0.0,0.0,0.0,0.0,0.030000000000000006,0.5992808629644426,0.5992808629644426,0.5992808629644426
17.0,0.0,0.0,0.0,0.0,0.0,0.0,0.03200000000000001,0.6391818472355385,0.6391818472355385,0.6391818472355385
18.0,0.0,0.0,0.0,0.0,0.0,0.0,0.03400000000000001,0.679076456019813,0.679076456019813,0.679076456019813
19.0,0.0,0.0,0.0,0.0,0.0,0.0,0.03600000000000001,0.7189646908451829,0.7189646908451829,0.7189646908451829
20.0,0.0,0.0,0.0,0.0,0.0,0.0,0.03800000000000001,0.7588465532390766,0.7588465532390766,0.7588465532390766
21.0,0.0,0.0,0.0,0.0,0.0,0.0,0.04000000000000001,0.7987220447284346,0.7987220447284346,0.7987220447284346
22.0,0.0,0.0,0.0,0.0,0.0,0.0,0.04200000000000001,0.8385911668397092,0.8385911668397092,0.8385911668397092
23.0,0.0,0.0,0.0,0.0,0.0,0.0,0.04400000000000001,0.878453921098866,0.878453921098866,0.878453921098866
24.0,0.0,0.0,0.0,0.0,0.0,0.0,0.04600000000000001,0.9183103090313823,0.9183103090313823,0.9183103090313823
25.0,0.0,0.0,0.0,0.0,0.0,0.0,0.048000000000000015,0.9581603321622485,0.9581603321622485,0.9581603321622485
26.0,1.0,1.0,1.0,1.0,0.0,19.230769230769223,0.05000000000000002,0.998003992015968,0.998003992015968,0.998003992015968
27.0,1.0,1.0,1.0,1.0,0.0,18.518518518518512,0.05200000000000002,1.0378412901165577,1.0378412901165577,1.0378412901165577
28.0,1.0,1.0,1.0,1.0,0.0,17.85714285714285,0.05400000000000002,1.077672227987547,1.077672227987547,1.077672227987547
29.0,1.0,1.0,1.0,1.0,0.0,17.241379310344822,0.05600000000000002,1.1174968071519795,1.1174968071519795,1.1174968071519795
30.0,1.0,1.0,1.0,1.0,0.0,16.66666666666666,0.058000000000000024,1.1573150291324128,1.1573150291324128,1.1573150291324128
31.0,1.0,1.0,1.0,1.0,0.0,16.12903225806451,0.060000000000000026,1.1971268954509178,1.1971268954509178,1.1971268954509178
32.0,1.0,1.0,1.0,1.0,0.0,15.624999999999993,0.06200000000000003,1.2369324076290797,1.2369324076290797,1.2369324076290797
33.0,1.0,1.0,1.0,1.0,0.0,15.151515151515145,0.06400000000000003,1.2767315671879986,1.2767315671879986,1.2767315671879986
34.0,1.0,1.0,1.0,1.0,0.0,14.705882352941169,0.06600000000000003,1.3165243756482885,1.3165243756482885,1.3165243756482885
35.0,1.0,1.0,1.0,1.0,0.0,14.28571428571428,0.06800000000000003,1.356310834530078,1.356310834530078,1.356310834530078
36.0,1.0,1.0,1.0,1.0,0.0,13.888888888888882,0.07000000000000003,1.3960909453530115,1.3960909453530115,1.3960909453530115
37.0,1.0,1.0,1.0,1.0,0.0,13.513513513513507,0.07200000000000004,1.4358647096362476,1.4358647096362476,1.4358647096362476
38.0,1.0,1.0,1.0,1.0,0.0,13.157894736842099,0.07400000000000004,1.4756321288984604,1.4756321288984604,1.4756321288984604
39.0,1.0,1.0,1.0,1.0,0.0,12.820512820512814,0.07600000000000004,1.5153932046578402,1.5153932046578402,1.5153932046578402
40.0,1.0,1.0,1.0,1.0,0.0,12.499999999999995,0.07800000000000004,1.5551479384320919,1.5551479384320919,1.5551479384320919
41.0,1.0,1.0,1.0,1.0,0.0,12.195121951219507,0.08000000000000003,1.594896331738437,1.594896331738437,1.594896331738437
42.0,1.0,1.0,1.0,1.0,0.0,11.904761904761902,0.08200000000000003,1.634638386093613,1.634638386093613,1.634638386093613
43.0,1.0,1.0,1.0,1.0,0.0,11.627906976744184,0.08400000000000002,1.6743741030138735,1.6743741030138735,1.6743741030138735
44.0,1.0,1.0,1.0,1.0,0.0,11.363636363636363,0.08600000000000002,1.7141034840149885,1.7141034840149885,1.7141034840149885
45.0,1.0,1.0,1.0,1.0,0.0,11.11111111111111,0.08800000000000001,1.753826530612245,1.753826530612245,1.753826530612245
46.0,1.0,1.0,1.0,1.0,0.0,10.869565217391305,0.09,1.7935432443204464,1.7935432443204464,1.7935432443204464
47.0,1.0,1.0,1.0,1.0,0.0,10.638297872340427,0.092,1.8332536266539137,1.8332536266539137,1.8332536266539137
48.0,1.0,1.0,1.0,1.0,0.0,10.41666666666667,0.09399999999999999,1.8729576791264844,1.8729576791264844,1.8729576791264844
49.0,1.0,1.0,1.0,1.0,0.0,10.204081632653065,0.09599999999999997,1.9126554032515142,1.9126554032515142,1.9126554032515142
50.0,1.0,1.0,1.0,1.0,0.0,10.000000000000004,0.09799999999999998,1.9523468005418758,1.9523468005418758,1.9523468005418758
51.0,1.0,1.0,1.0,1.0,0.0,9.803921568627455,0.09999999999999996,1.99203187250996,1.99203187250996,1.99203187250996
52.0,1.0,1.0,1.0,1.0,0.0,9.61538461538462,0.10199999999999995,2.031710620667676,2.031710620667676,2.031710620667676
53.0,1.0,1.0,1.0,1.0,0.0,9.43396226415095,0.10399999999999995,2.0713830465264502,2.0713830465264502,2.0713830465264502
54.0,1.0,1.0,1.0,1.0,0.0,9.259259259259265,0.10599999999999994,2.1110491515972276,2.1110491515972276,2.1110491515972276
55.0,1.0,1.0,1.0,1.0,0.0,9.090909090909097,0.10799999999999993,2.150708937390473,2.150708937390473,2.150708937390473
56.0,1.0,1.0,1.0,1.0,0.0,8.928571428571434,0.10999999999999993,2.190362405416169,2.190362405416169,2.190362405416169
57.0,1.0,1.0,1.0,1.0,0.0,8.77192982456141,0.11199999999999992,2.2300095571838168,2.2300095571838168,2.2300095571838168
58.0,1.0,1.0,1.0,1.0,0.0,8.62068965517242,0.11399999999999992,2.269650394202437,2.269650394202437,2.269650394202437
59.0,1.0,1.0,1.0,1.0,0.0,8.474576271186448,0.11599999999999991,2.30928491798057,2.30928491798057,2.30928491798057
60.0,1.0,1.0,1.0,1.0,0.0,8.333333333333341,0.1179999999999999,2.348913130026276,2.348913130026276,2.348913130026276
61.0,1.0,1.0,1.0,1.0,0.0,8.196721311475418,0.1199999999999999,2.3885350318471334,2.3885350318471334,2.3885350318471334
62.0,1.0,1.0,1.0,1.0,0.0,8.064516129032267,0.12199999999999989,2.4281506249502427,2.4281506249502427,2.4281506249502427
63.0,1.0,1.0,1.0,1.0,0.0,7.936507936507946,0.12399999999999987,2.4677599108422226,2.4677599108422226,2.4677599108422226
64.0,1.0,1.0,1.0,1.0,0.0,7.812500000000008,0.12599999999999986,2.5073628910292127,2.5073628910292127,2.5073628910292127
65.0,1.0,1.0,1.0,1.0,0.0,7.6923076923077005,0.12799999999999986,2.5469595670168736,2.5469595670168736,2.5469595670168736
66.0,1.0,1.0,1.0,1.0,0.0,7.575757575757585,0.12999999999999987,2.586549940310386,2.586549940310386,2.586549940310386
67.0,1.0,1.0,1.0,1.0,0.0,7.462686567164188,0.13199999999999984,2.6261340124144517,2.6261340124144517,2.6261340124144517
68.0,1.0,1.0,1.0,1.0,0.0,7.352941176470597,0.13399999999999984,2.6657117848332934,2.6657117848332934,2.6657117848332934
69.0,1.0,1.0,1.0,1.0,0.0,7.246376811594213,0.13599999999999984,2.7052832590706557,2.7052832590706557,2.7052832590706557
70.0,1.0,1.0,1.0,1.0,0.0,7.142857142857152,0.13799999999999982,2.7448484366298036,2.7448484366298036,2.7448484366298036
71.0,1.0,1.0,1.0,1.0,0.0,7.04225352112677,0.13999999999999982,2.7844073190135243,2.7844073190135243,2.7844073190135243
72.0,1.0,1.0,1.0,1.0,0.0,6.944444444444454,0.14199999999999982,2.823959907724127,2.823959907724127,2.823959907724127
73.0,1.0,1.0,1.0,1.0,0.0,6.84931506849316,0.1439999999999998,2.8635062042634427,2.8635062042634427,2.8635062042634427
74.0,1.0,1.0,1.0,1.0,0.0,6.756756756756766,0.1459999999999998,2.9030462101328243,2.9030462101328243,2.9030462101328243
75.0,1.0,1.0,1.0,1.0,0.0,6.666666666666676,0.1479999999999998,2.942579926833148,2.942579926833148,2.942579926833148
76.0,1.0,1.0,1.0,1.0,0.0,6.578947368421062,0.1499999999999998,2.9821073558648115,2.9821073558648115,2.9821073558648115
77.0,1.0,1.0,1.0,1.0,0.0,6.493506493506503,0.15199999999999977,3.0216284987277353,3.0216284987277353,3.0216284987277353
78.0,1.0,1.0,1.0,1.0,0.0,6.4102564102564195,0.15399999999999978,3.0611433569213644,3.0611433569213644,3.0611433569213644
79.0,1.0,1.0,1.0,1.0,0.0,6.329113924050643,0.15599999999999978,3.1006519319446655,3.1006519319446655,3.1006519319446655
80.0,1.0,1.0,1.0,1.0,0.0,6.25000000000001,0.15799999999999975,3.1401542252961283,3.1401542252961283,3.1401542252961283
81.0,1.0,1.0,1.0,1.0,0.0,6.172839506172849,0.15999999999999975,3.179650238473768,3.179650238473768,3.179650238473768
82.0,1.0,1.0,1.0,1.0,0.0,6.097560975609766,0.16199999999999976,3.2191399729751216,3.2191399729751216,3.2191399729751216
83.0,1.0,1.0,1.0,1.0,0.0,6.024096385542179,0.16399999999999973,3.25862343029725,3.25862343029725,3.25862343029725
84.0,1.0,1.0,1.0,1.0,0.0,5.952380952380961,0.16599999999999973,3.29810061193674,3.29810061193674,3.29810061193674
85.0,1.0,1.0,1.0,1.0,0.0,5.882352941176481,0.16799999999999973,3.337571519389701,3.337571519389701,3.337571519389701
86.0,1.0,1.0,1.0,1.0,0.0,5.8139534883721025,0.1699999999999997,3.377036154151768,3.377036154151768,3.377036154151768
87.0,1.0,1.0,1.0,1.0,0.0,5.747126436781619,0.1719999999999997,3.416494517718099,3.416494517718099,3.416494517718099
88.0,1.0,1.0,1.0,1.0,0.0,5.681818181818192,0.1739999999999997,3.45594661158338,3.45594661158338,3.45594661158338
89.0,1.0,1.0,1.0,1.0,0.0,5.617977528089898,0.17599999999999968,3.4953924372418177,3.4953924372418177,3.4953924372418177
90.0,1.0,1.0,1.0,1.0,0.0,5.555555555555565,0.1779999999999997,3.5348319961871475,3.5348319961871475,3.5348319961871475
91.0,1.0,1.0,1.0,1.0,0.0,5.494505494505504,0.1799999999999997,3.574265289912629,3.574265289912629,3.574265289912629
92.0,1.0,1.0,1.0,1.0,0.0,5.434782608695662,0.18199999999999966,3.613692319911048,3.613692319911048,3.613692319911048
93.0,1.0,1.0,1.0,1.0,0.0,5.376344086021515,0.18399999999999966,3.653113087674714,3.653113087674714,3.653113087674714
94.0,1.0,1.0,1.0,1.0,0.0,5.319148936170223,0.18599999999999967,3.692527594695466,3.692527594695466,3.692527594695466
95.0,1.0,1.0,1.0,1.0,0.0,5.263157894736852,0.18799999999999964,3.731935842464666,3.731935842464666,3.731935842464666
96.0,1.0,1.0,1.0,1.0,0.0,5.208333333333343,0.18999999999999964,3.7713378324732036,3.7713378324732036,3.7713378324732036
97.0,1.0,1.0,1.0,1.0,0.0,5.154639175257742,0.19199999999999964,3.810733566211496,3.810733566211496,3.810733566211496
98.0,1.0,1.0,1.0,1.0,0.0,5.10204081632654,0.19399999999999962,3.850123045169485,3.850123045169485,3.850123045169485
99.0,1.0,1.0,1.0,1.0,0.0,5.05050505050506,0.19599999999999962,3.889506270836641,3.889506270836641,3.889506270836641
100.0,1.0,1.0,1.0,1.0,0.0,5.00000000000001,0.19799999999999962,3.9288832447019604,3.9288832447019604,3.9288832447019604
101.0,1.0,1.0,1.0,1.0,0.0,4.95049504950496,0.19999999999999962,3.9682539682539684,3.9682539682539684,3.9682539682539684
102.0,1.0,1.0,1.0,1.0,0.0,4.901960784313735,0.2019999999999996,4.007618442980716,4.007618442980716,4.007618442980716
103.0,1.0,1.0,1.0,1.0,0.0,4.854368932038844,0.2039999999999996,4.046976670369783,4.046976670369783,4.046976670369783
104.0,1.0,1.0,1.0,1.0,0.0,4.807692307692317,0.2059999999999996,4.086328651908276,4.086328651908276,4.086328651908276
105.0,1.0,1.0,1.0,1.0,0.0,4.761904761904772,0.20799999999999957,4.125674389082831,4.125674389082831,4.125674389082831
106.0,1.0,1.0,1.0,1.0,0.0,4.716981132075481,0.20999999999999958,4.165013883379611,4.165013883379611,4.165013883379611
107.0,1.0,1.0,1.0,1.0,0.0,4.672897196261692,0.21199999999999958,4.2043471362843094,4.2043471362843094,4.2043471362843094
108.0,1.0,1.0,1.0,1.0,0.0,4.6296296296296395,0.21399999999999955,4.243674149282145,4.243674149282145,4.243674149282145
109.0,1.0,1.0,1.0,1.0,0.0,4.587155963302762,0.21599999999999955,4.282994923857868,4.282994923857868,4.282994923857868
110.0,1.0,1.0,1.0,1.0,0.0,4.545454545454555,0.21799999999999956,4.322309461495757,4.322309461495757,4.322309461495757
111.0,1.0,1.0,1.0,1.0,0.0,4.5045045045045145,0.21999999999999953,4.36161776367962,4.36161776367962,4.36161776367962
112.0,1.0,1.0,1.0,1.0,0.0,4.464285714285723,0.22199999999999953,4.400919831892792,4.400919831892792,4.400919831892792
113.0,1.0,1.0,1.0,1.0,0.0,4.4247787610619564,0.22399999999999953,4.4402156676181415,4.4402156676181415,4.4402156676181415
114.0,1.0,1.0,1.0,1.0,0.0,4.385964912280711,0.2259999999999995,4.479505272338064,4.479505272338064,4.479505272338064
115.0,1.0,1.0,1.0,1.0,0.0,4.347826086956531,0.2279999999999995,4.518788647534486,4.518788647534486,4.518788647534486
116.0,1.0,1.0,1.0,1.0,0.0,4.310344827586216,0.2299999999999995,4.558065794688862,4.558065794688862,4.558065794688862
117.0,1.0,1.0,1.0,1.0,0.0,4.273504273504283,0.23199999999999948,4.597336715282181,4.597336715282181,4.597336715282181
118.0,1.0,1.0,1.0,1.0,0.0,4.2372881355932295,0.2339999999999995,4.63660141079496,4.63660141079496,4.63660141079496
119.0,1.0,1.0,1.0,1.0,0.0,4.2016806722689175,0.2359999999999995,4.675859882707243,4.675859882707243,4.675859882707243
120.0,1.0,1.0,1.0,1.0,0.0,4.166666666666676,0.23799999999999946,4.715112132498613,4.715112132498613,4.715112132498613
121.0,1.0,1.0,1.0,1.0,0.0,4.132231404958687,0.23999999999999946,4.754358161648177,4.754358161648177,4.754358161648177
122.0,1.0,1.0,1.0,1.0,0.0,4.098360655737714,0.24199999999999947,4.793597971634577,4.793597971634577,4.793597971634577
123.0,1.0,1.0,1.0,1.0,0.0,4.065040650406513,0.24399999999999944,4.832831563935985,4.832831563935985,4.832831563935985
124.0,1.0,1.0,1.0,1.0,0.0,4.032258064516138,0.24599999999999944,4.872058940030104,4.872058940030104,4.872058940030104
125.0,1.0,1.0,1.0,1.0,0.0,4.000000000000009,0.24799999999999944,4.91128010139417,4.91128010139417,4.91128010139417
126.0,1.0,1.0,1.0,1.0,0.0,3.968253968253977,0.24999999999999944,4.9504950495049505,4.9504950495049505,4.9504950495049505
127.0,1.0,1.0,1.0,1.0,0.0,3.9370078740157575,0.25199999999999945,4.989703785838746,4.989703785838746,4.989703785838746
128.0,1.0,1.0,1.0,1.0,0.0,3.9062500000000093,0.2539999999999994,5.0289063118713875,5.0289063118713875,5.0289063118713875
129.0,1.0,1.0,1.0,1.0,0.0,3.875968992248071,0.2559999999999994,5.068102629078239,5.068102629078239,5.068102629078239
130.0,1.0,1.0,1.0,1.0,0.0,3.846153846153855,0.2579999999999994,5.107292738934199,5.107292738934199,5.107292738934199
131.0,1.0,1.0,1.0,1.0,0.0,3.8167938931297796,0.2599999999999994,5.146476642913698,5.146476642913698,5.146476642913698
132.0,1.0,1.0,1.0,1.0,0.0,3.7878787878787965,0.2619999999999994,5.185654342490698,5.185654342490698,5.185654342490698
133.0,1.0,1.0,1.0,1.0,0.0,3.759398496240611,0.2639999999999994,5.2248258391386955,5.2248258391386955,5.2248258391386955
134.0,1.0,1.0,1.0,1.0,0.0,3.7313432835820985,0.26599999999999935,5.2639911343307215,5.2639911343307215,5.2639911343307215
135.0,1.0,1.0,1.0,1.0,0.0,3.7037037037037126,0.26799999999999935,5.303150229539338,5.303150229539338,5.303150229539338
136.0,1.0,1.0,1.0,1.0,0.0,3.676470588235303,0.26999999999999935,5.3423031262366445,5.3423031262366445,5.3423031262366445
137.0,1.0,1.0,1.0,1.0,0.0,3.649635036496359,0.27199999999999935,5.38144982589427,5.38144982589427,5.38144982589427
138.0,1.0,1.0,1.0,1.0,0.0,3.62318840579711,0.27399999999999936,5.420590329983382,5.420590329983382,5.420590329983382
139.0,1.0,1.0,1.0,1.0,0.0,3.5971223021582817,0.27599999999999936,5.45972463997468,5.45972463997468,5.45972463997468
140.0,1.0,1.0,1.0,1.0,0.0,3.5714285714285805,0.27799999999999936,5.498852757338398,5.498852757338398,5.498852757338398
141.0,1.0,1.0,1.0,1.0,0.0,3.5460992907801505,0.2799999999999993,5.537974683544304,5.537974683544304,5.537974683544304
142.0,1.0,1.0,1.0,1.0,0.0,3.521126760563389,0.2819999999999993,5.577090420061704,5.577090420061704,5.577090420061704
143.0,1.0,1.0,1.0,1.0,0.0,3.496503496503505,0.2839999999999993,5.616199968359437,5.616199968359437,5.616199968359437
144.0,1.0,1.0,1.0,1.0,0.0,3.4722222222222303,0.2859999999999993,5.655303329905878,5.655303329905878,5.655303329905878
145.0,1.0,1.0,1.0,1.0,0.0,3.4482758620689737,0.2879999999999993,5.694400506168934,5.694400506168934,5.694400506168934
146.0,1.0,1.0,1.0,1.0,0.0,3.424657534246584,0.2899999999999993,5.733491498616054,5.733491498616054,5.733491498616054
147.0,1.0,1.0,1.0,1.0,0.0,3.4013605442176957,0.29199999999999926,5.772576308714219,5.772576308714219,5.772576308714219
148.0,1.0,1.0,1.0,1.0,0.0,3.378378378378387,0.29399999999999926,5.811654937929943,5.811654937929943,5.811654937929943
149.0,1.0,1.0,1.0,1.0,0.0,3.3557046979865857,0.29599999999999926,5.850727387729285,5.850727387729285,5.850727387729285
150.0,1.0,1.0,1.0,1.0,0.0,3.3333333333333415,0.29799999999999927,5.889793659577832,5.889793659577832,5.889793659577832
151.0,1.0,1.0,1.0,1.0,0.0,3.3112582781457034,0.29999999999999927,5.928853754940711,5.928853754940711,5.928853754940711
152.0,1.0,1.0,1.0,1.0,0.0,3.289473684210535,0.30199999999999927,5.967907675282587,5.967907675282587,5.967907675282587
153.0,1.0,1.0,1.0,1.0,0.0,3.2679738562091587,0.3039999999999992,6.006955422067658,6.006955422067658,6.006955422067658
154.0,1.0,1.0,1.0,1.0,0.0,3.246753246753255,0.3059999999999992,6.045996996759661,6.045996996759661,6.045996996759661
155.0,1.0,1.0,1.0,1.0,0.0,3.2258064516129115,0.3079999999999992,6.085032400821874,6.085032400821874,6.085032400821874
156.0,1.0,1.0,1.0,1.0,0.0,3.2051282051282133,0.3099999999999992,6.1240616357171085,6.1240616357171085,6.1240616357171085
157.0,1.0,1.0,1.0,1.0,0.0,3.184713375796186,0.3119999999999992,6.163084702907712,6.163084702907712,6.163084702907712
158.0,1.0,1.0,1.0,1.0,0.0,3.164556962025325,0.3139999999999992,6.202101603855574,6.202101603855574,6.202101603855574
159.0,1.0,1.0,1.0,1.0,0.0,3.1446540880503226,0.31599999999999917,6.241112340022121,6.241112340022121,6.241112340022121
160.0,1.0,1.0,1.0,1.0,0.0,3.125000000000008,0.31799999999999917,6.280116912868316,6.280116912868316,6.280116912868316
161.0,1.0,1.0,1.0,1.0,0.0,3.1055900621118093,0.3199999999999992,6.3191153238546605,6.3191153238546605,6.3191153238546605
162.0,1.0,1.0,1.0,1.0,0.0,3.0864197530864277,0.3219999999999992,6.358107574441197,6.358107574441197,6.358107574441197
163.0,1.0,1.0,1.0,1.0,0.0,3.0674846625766943,0.3239999999999992,6.397093666087507,6.397093666087507,6.397093666087507
164.0,1.0,1.0,1.0,1.0,0.0,3.048780487804885,0.32599999999999923,6.436073600252705,6.436073600252705,6.436073600252705
165.0,1.0,1.0,1.0,1.0,0.0,3.030303030303037,0.32799999999999924,6.475047378395452,6.475047378395452,6.475047378395452
166.0,1.0,1.0,1.0,1.0,0.0,3.0120481927710907,0.3299999999999993,6.514015001973944,6.514015001973944,6.514015001973944
167.0,1.0,1.0,1.0,1.0,0.0,2.99401197604791,0.3319999999999993,6.552976472445918,6.552976472445918,6.552976472445918
168.0,1.0,1.0,1.0,1.0,0.0,2.976190476190482,0.33399999999999935,6.591931791268651,6.591931791268651,6.591931791268651
169.0,1.0,1.0,1.0,1.0,0.0,2.95857988165681,0.33599999999999935,6.630880959898958,6.630880959898958,6.630880959898958
170.0,1.0,1.0,1.0,1.0,0.0,2.9411764705882404,0.3379999999999994,6.669823979793196,6.669823979793196,6.669823979793196
171.0,1.0,1.0,1.0,1.0,0.0,2.923976608187139,0.3399999999999994,6.708760852407261,6.708760852407261,6.708760852407261
172.0,1.0,1.0,1.0,1.0,0.0,2.906976744186051,0.34199999999999947,6.747691579196591,6.747691579196591,6.747691579196591
173.0,1.0,1.0,1.0,1.0,0.0,2.8901734104046284,0.3439999999999995,6.786616161616161,6.786616161616161,6.786616161616161
174.0,1.0,1.0,1.0,1.0,0.0,2.8735632183908084,0.34599999999999953,6.825534601120492,6.825534601120492,6.825534601120492
175.0,1.0,1.0,1.0,1.0,0.0,2.8571428571428603,0.34799999999999953,6.864446899163642,6.864446899163642,6.864446899163642
176.0,1.0,1.0,1.0,1.0,0.0,2.8409090909090944,0.3499999999999996,6.903353057199212,6.903353057199212,6.903353057199212
177.0,1.0,1.0,1.0,1.0,0.0,2.8248587570621497,0.3519999999999996,6.94225307668034,6.94225307668034,6.94225307668034
178.0,1.0,1.0,1.0,1.0,0.0,2.8089887640449467,0.35399999999999965,6.981146959059715,6.981146959059715,6.981146959059715
179.0,1.0,1.0,1.0,1.0,0.0,2.793296089385477,0.35599999999999965,7.020034705789557,7.020034705789557,7.020034705789557
180.0,1.0,1.0,1.0,1.0,0.0,2.77777777777778,0.3579999999999997,7.058916318321634,7.058916318321634,7.058916318321634
181.0,1.0,1.0,1.0,1.0,0.0,2.762430939226521,0.3599999999999997,7.097791798107256,7.097791798107256,7.097791798107256
182.0,1.0,1.0,1.0,1.0,0.0,2.747252747252749,0.36199999999999977,7.136661146597272,7.136661146597272,7.136661146597272
183.0,1.0,1.0,1.0,1.0,0.0,2.732240437158471,0.36399999999999977,7.175524365242075,7.175524365242075,7.175524365242075
184.0,1.0,1.0,1.0,1.0,0.0,2.7173913043478275,0.3659999999999998,7.214381455491603,7.214381455491603,7.214381455491603
185.0,1.0,1.0,1.0,1.0,0.0,2.7027027027027035,0.3679999999999998,7.253232418795333,7.253232418795333,7.253232418795333
186.0,1.0,1.0,1.0,1.0,0.0,2.6881720430107534,0.3699999999999999,7.292077256602286,7.292077256602286,7.292077256602286
187.0,1.0,1.0,1.0,1.0,0.0,2.673796791443851,0.3719999999999999,7.330915970361028,7.330915970361028,7.330915970361028
188.0,1.0,1.0,1.0,1.0,0.0,2.659574468085107,0.3739999999999999,7.369748561519666,7.369748561519666,7.369748561519666
189.0,1.0,1.0,1.0,1.0,0.0,2.645502645502646,0.37599999999999995,7.408575031525851,7.408575031525851,7.408575031525851
190.0,1.0,1.0,1.0,1.0,0.0,2.6315789473684212,0.37799999999999995,7.447395381826779,7.447395381826779,7.447395381826779
191.0,1.0,1.0,1.0,1.0,0.0,2.6178010471204187,0.38,7.486209613869189,7.486209613869189,7.486209613869189
192.0,1.0,1.0,1.0,1.0,0.0,2.604166666666666,0.382,7.525017729099361,7.525017729099361,7.525017729099361
193.0,1.0,1.0,1.0,1.0,0.0,2.590673575129533,0.38400000000000006,7.563819728963126,7.563819728963126,7.563819728963126
194.0,1.0,1.0,1.0,1.0,0.0,2.5773195876288653,0.38600000000000007,7.6026156149058535,7.6026156149058535,7.6026156149058535
195.0,1.0,1.0,1.0,1.0,0.0,2.5641025641025634,0.3880000000000001,7.641405388372459,7.641405388372459,7.641405388372459
196.0,1.0,1.0,1.0,1.0,0.0,2.551020408163264,0.3900000000000001,7.680189050807404,7.680189050807404,7.680189050807404
197.0,1.0,1.0,1.0,1.0,0.0,2.5380710659898464,0.3920000000000002,7.718966603654694,7.718966603654694,7.718966603654694
198.0,1.0,1.0,1.0,1.0,0.0,2.5252525252525237,0.3940000000000002,7.757738048357879,7.757738048357879,7.757738048357879
199.0,1.0,1.0,1.0,1.0,0.0,2.51256281407035,0.39600000000000024,7.796503386360056,7.796503386360056,7.796503386360056
200.0,1.0,1.0,1.0,1.0,0.0,2.4999999999999982,0.39800000000000024,7.835262619103866,7.835262619103866,7.835262619103866
201.0,1.0,1.0,1.0,1.0,0.0,2.4875621890547244,0.4000000000000003,7.874015748031496,7.874015748031496,7.874015748031496
202.0,1.0,1.0,1.0,1.0,0.0,2.475247524752473,0.4020000000000003,7.912762774584678,7.912762774584678,7.912762774584678
203.0,1.0,1.0,1.0,1.0,0.0,2.463054187192116,0.40400000000000036,7.951503700204692,7.951503700204692,7.951503700204692
204.0,1.0,1.0,1.0,1.0,0.0,2.4509803921568603,0.40600000000000036,7.990238526332363,7.990238526332363,7.990238526332363
205.0,1.0,1.0,1.0,1.0,0.0,2.4390243902439,0.4080000000000004,8.02896725440806,8.02896725440806,8.02896725440806
206.0,1.0,1.0,1.0,1.0,0.0,2.4271844660194146,0.4100000000000004,8.067689885871705,8.067689885871705,8.067689885871705
207.0,1.0,1.0,1.0,1.0,0.0,2.415458937198065,0.4120000000000005,8.106406422162758,8.106406422162758,8.106406422162758
208.0,1.0,1.0,1.0,1.0,0.0,2.4038461538461506,0.4140000000000005,8.145116864720233,8.145116864720233,8.145116864720233
209.0,1.0,1.0,1.0,1.0,0.0,2.3923444976076524,0.41600000000000054,8.183821214982688,8.183821214982688,8.183821214982688
210.0,1.0,1.0,1.0,1.0,0.0,2.3809523809523774,0.41800000000000054,8.222519474388228,8.222519474388228,8.222519474388228
211.0,1.0,1.0,1.0,1.0,0.0,2.369668246445494,0.4200000000000006,8.261211644374507,8.261211644374507,8.261211644374507
212.0,1.0,1.0,1.0,1.0,0.0,2.3584905660377324,0.4220000000000006,8.299897726378727,8.299897726378727,8.299897726378727
213.0,1.0,1.0,1.0,1.0,0.0,2.3474178403755834,0.4240000000000006,8.338577721837634,8.338577721837634,8.338577721837634
214.0,1.0,1.0,1.0,1.0,0.0,2.3364485981308376,0.42600000000000066,8.377251632187525,8.377251632187525,8.377251632187525
215.0,1.0,1.0,1.0,1.0,0.0,2.3255813953488333,0.42800000000000066,8.415919458864243,8.415919458864243,8.415919458864243
216.0,1.0,1.0,1.0,1.0,0.0,2.314814814814811,0.4300000000000007,8.454581203303185,8.454581203303185,8.454581203303185
217.0,1.0,1.0,1.0,1.0,0.0,2.304147465437784,0.4320000000000007,8.493236866939288,8.493236866939288,8.493236866939288
218.0,1.0,1.0,1.0,1.0,0.0,2.293577981651372,0.4340000000000008,8.531886451207045,8.531886451207045,8.531886451207045
219.0,1.0,1.0,1.0,1.0,0.0,2.283105022831046,0.4360000000000008,8.570529957540494,8.570529957540494,8.570529957540494
220.0,1.0,1.0,1.0,1.0,0.0,2.2727272727272685,0.43800000000000083,8.60916738737322,8.60916738737322,8.60916738737322
221.0,1.0,1.0,1.0,1.0,0.0,2.2624434389140227,0.44000000000000083,8.647798742138365,8.647798742138365,8.647798742138365
222.0,1.0,1.0,1.0,1.0,0.0,2.252252252252248,0.4420000000000009,8.68642402326861,8.68642402326861,8.68642402326861
223.0,1.0,1.0,1.0,1.0,0.0,2.2421524663677084,0.4440000000000009,8.725043232196194,8.725043232196194,8.725043232196194
224.0,1.0,1.0,1.0,1.0,0.0,2.2321428571428523,0.44600000000000095,8.763656370352903,8.763656370352903,8.763656370352903
225.0,1.0,1.0,1.0,1.0,0.0,2.2222222222222174,0.44800000000000095,8.802263439170073,8.802263439170073,8.802263439170073
226.0,1.0,1.0,1.0,1.0,0.0,2.2123893805309685,0.450000000000001,8.840864440078585,8.840864440078585,8.840864440078585
227.0,1.0,1.0,1.0,1.0,0.0,2.2026431718061623,0.452000000000001,8.87945937450888,8.87945937450888,8.87945937450888
228.0,1.0,1.0,1.0,1.0,0.0,2.1929824561403457,0.45400000000000107,8.91804824389094,8.91804824389094,8.91804824389094
229.0,1.0,1.0,1.0,1.0,0.0,2.1834061135371123,0.45600000000000107,8.956631049654305,8.956631049654305,8.956631049654305
230.0,1.0,1.0,1.0,1.0,0.0,2.1739130434782554,0.45800000000000113,8.995207793228062,8.995207793228062,8.995207793228062
231.0,1.0,1.0,1.0,1.0,0.0,2.164502164502159,0.46000000000000113,9.033778476040847,9.033778476040847,9.033778476040847
232.0,1.0,1.0,1.0,1.0,0.0,2.155172413793098,0.4620000000000012,9.072343099520854,9.072343099520854,9.072343099520854
233.0,1.0,1.0,1.0,1.0,0.0,2.14592274678111,0.4640000000000012,9.11090166509582,9.11090166509582,9.11090166509582
234.0,1.0,1.0,1.0,1.0,0.0,2.136752136752131,0.46600000000000125,9.14945417419304,9.14945417419304,9.14945417419304
235.0,1.0,1.0,1.0,1.0,0.0,2.1276595744680793,0.46800000000000125,9.18800062823936,9.18800062823936,9.18800062823936
236.0,1.0,1.0,1.0,1.0,0.0,2.118644067796604,0.4700000000000013,9.226541028661169,9.226541028661169,9.226541028661169
237.0,1.0,1.0,1.0,1.0,0.0,2.109704641350205,0.4720000000000013,9.265075376884422,9.265075376884422,9.265075376884422
238.0,1.0,1.0,1.0,1.0,0.0,2.1008403361344477,0.4740000000000013,9.303603674334616,9.303603674334616,9.303603674334616
239.0,1.0,1.0,1.0,1.0,0.0,2.092050209205015,0.47600000000000137,9.342125922436802,9.342125922436802,9.342125922436802
240.0,1.0,1.0,1.0,1.0,0.0,2.0833333333333273,0.47800000000000137,9.380642122615589,9.380642122615589,9.380642122615589
241.0,1.0,1.0,1.0,1.0,0.0,2.074688796680492,0.4800000000000014,9.419152276295133,9.419152276295133,9.419152276295133
242.0,1.0,1.0,1.0,1.0,0.0,2.0661157024793324,0.4820000000000014,9.457656384899144,9.457656384899144,9.457656384899144
243.0,1.0,1.0,1.0,1.0,0.0,2.0576131687242736,0.4840000000000015,9.496154449850886,9.496154449850886,9.496154449850886
244.0,1.0,1.0,1.0,1.0,0.0,2.049180327868846,0.4860000000000015,9.534646472573177,9.534646472573177,9.534646472573177
245.0,1.0,1.0,1.0,1.0,0.0,2.0408163265306056,0.48800000000000154,9.573132454488386,9.573132454488386,9.573132454488386
246.0,1.0,1.0,1.0,1.0,0.0,2.0325203252032455,0.49000000000000155,9.611612397018439,9.611612397018439,9.611612397018439
247.0,1.0,1.0,1.0,1.0,0.0,2.024291497975702,0.4920000000000016,9.65008630158481,9.65008630158481,9.65008630158481
248.0,1.0,1.0,1.0,1.0,0.0,2.016129032258058,0.4940000000000016,9.688554169608533,9.688554169608533,9.688554169608533
249.0,1.0,1.0,1.0,1.0,0.0,2.0080321285140497,0.49600000000000166,9.727016002510197,9.727016002510197,9.727016002510197
250.0,1.0,1.0,1.0,1.0,0.0,1.9999999999999933,0.49800000000000166,9.765471801709937,9.765471801709937,9.765471801709937
251.0,1.0,1.0,1.0,1.0,0.0,1.992031872509953,0.5000000000000017,9.803921568627452,9.803921568627452,9.803921568627452
252.0,1.0,1.0,1.0,1.0,0.0,1.984126984126977,0.5020000000000018,9.842365304681985,9.842365304681985,9.842365304681985
253.0,1.0,1.0,1.0,1.0,0.0,1.9762845849802302,0.5040000000000018,9.880803011292345,9.880803011292345,9.880803011292345
254.0,1.0,1.0,1.0,1.0,0.0,1.9685039370078672,0.5060000000000018,9.919234689876891,9.919234689876891,9.919234689876891
255.0,1.0,1.0,1.0,1.0,0.0,1.9607843137254837,0.5080000000000018,9.957660341853535,9.957660341853535,9.957660341853535
256.0,1.0,1.0,1.0,1.0,0.0,1.9531249999999931,0.5100000000000017,9.996079968639748,9.996079968639748,9.996079968639748
257.0,1.0,1.0,1.0,1.0,0.0,1.945525291828787,0.5120000000000018,10.034493571652556,10.034493571652556,10.034493571652556
258.0,1.0,1.0,1.0,1.0,0.0,1.9379844961240247,0.5140000000000018,10.072901152308535,10.072901152308535,10.072901152308535
259.0,1.0,1.0,1.0,1.0,0.0,1.9305019305019242,0.5160000000000017,10.111302712023827,10.111302712023827,10.111302712023827
260.0,1.0,1.0,1.0,1.0,0.0,1.923076923076917,0.5180000000000017,10.149698252214122,10.149698252214122,10.149698252214122
261.0,1.0,1.0,1.0,1.0,0.0,1.9157088122605301,0.5200000000000017,10.188087774294669,10.188087774294669,10.188087774294669
262.0,1.0,1.0,1.0,1.0,0.0,1.9083969465648793,0.5220000000000017,10.226471279680275,10.226471279680275,10.226471279680275
263.0,1.0,1.0,1.0,1.0,0.0,1.9011406844106402,0.5240000000000017,10.2648487697853,10.2648487697853,10.2648487697853
264.0,1.0,1.0,1.0,1.0,0.0,1.8939393939393878,0.5260000000000017,10.303220246023661,10.303220246023661,10.303220246023661
265.0,1.0,1.0,1.0,1.0,0.0,1.8867924528301827,0.5280000000000017,10.341585709808836,10.341585709808836,10.341585709808836
266.0,1.0,1.0,1.0,1.0,0.0,1.8796992481202948,0.5300000000000017,10.379945162553858,10.379945162553858,10.379945162553858
267.0,1.0,1.0,1.0,1.0,0.0,1.872659176029957,0.5320000000000017,10.418298605671314,10.418298605671314,10.418298605671314
268.0,1.0,1.0,1.0,1.0,0.0,1.8656716417910388,0.5340000000000016,10.456646040573352,10.456646040573352,10.456646040573352
269.0,1.0,1.0,1.0,1.0,0.0,1.8587360594795481,0.5360000000000017,10.49498746867168,10.49498746867168,10.49498746867168
270.0,1.0,1.0,1.0,1.0,0.0,1.8518518518518463,0.5380000000000017,10.533322891377555,10.533322891377555,10.533322891377555
271.0,1.0,1.0,1.0,1.0,0.0,1.8450184501844964,0.5400000000000016,10.5716523101018,10.5716523101018,10.5716523101018
272.0,1.0,1.0,1.0,1.0,0.0,1.8382352941176416,0.5420000000000016,10.609975726254795,10.609975726254795,10.609975726254795
273.0,1.0,1.0,1.0,1.0,0.0,1.831501831501826,0.5440000000000016,10.648293141246477,10.648293141246477,10.648293141246477
274.0,1.0,1.0,1.0,1.0,0.0,1.8248175182481698,0.5460000000000016,10.686604556486337,10.686604556486337,10.686604556486337
275.0,1.0,1.0,1.0,1.0,0.0,1.8181818181818128,0.5480000000000016,10.724909973383435,10.724909973383435,10.724909973383435
276.0,1.0,1.0,1.0,1.0,0.0,1.8115942028985454,0.5500000000000016,10.76320939334638,10.76320939334638,10.76320939334638
277.0,1.0,1.0,1.0,1.0,0.0,1.8050541516245435,0.5520000000000016,10.801502817783343,10.801502817783343,10.801502817783343
278.0,1.0,1.0,1.0,1.0,0.0,1.7985611510791315,0.5540000000000016,10.839790248102057,10.839790248102057,10.839790248102057
279.0,1.0,1.0,1.0,1.0,0.0,1.792114695340497,0.5560000000000016,10.878071685709813,10.878071685709813,10.878071685709813
280.0,1.0,1.0,1.0,1.0,0.0,1.7857142857142805,0.5580000000000015,10.91634713201346,10.91634713201346,10.91634713201346
281.0,1.0,1.0,1.0,1.0,0.0,1.7793594306049771,0.5600000000000016,10.954616588419404,10.954616588419404,10.954616588419404
282.0,1.0,1.0,1.0,1.0,0.0,1.7730496453900662,0.5620000000000016,10.99288005633362,10.99288005633362,10.99288005633362
283.0,1.0,1.0,1.0,1.0,0.0,1.766784452296815,0.5640000000000015,11.031137537161634,11.031137537161634,11.031137537161634
284.0,1.0,1.0,1.0,1.0,0.0,1.7605633802816856,0.5660000000000015,11.069389032308534,11.069389032308534,11.069389032308534
285.0,1.0,1.0,1.0,1.0,0.0,1.7543859649122757,0.5680000000000015,11.107634543178973,11.107634543178973,11.107634543178973
286.0,1.0,1.0,1.0,1.0,0.0,1.7482517482517437,0.5700000000000016,11.145874071177161,11.145874071177161,11.145874071177161
287.0,1.0,1.0,1.0,1.0,0.0,1.74216027874564,0.5720000000000015,11.184107617706866,11.184107617706866,11.184107617706866
288.0,1.0,1.0,1.0,1.0,0.0,1.7361111111111065,0.5740000000000015,11.222335184171424,11.222335184171424,11.222335184171424
289.0,1.0,1.0,1.0,1.0,0.0,1.7301038062283691,0.5760000000000015,11.260556771973725,11.260556771973725,11.260556771973725
290.0,1.0,1.0,1.0,1.0,0.0,1.7241379310344782,0.5780000000000015,11.298772382516223,11.298772382516223,11.298772382516223
291.0,1.0,1.0,1.0,1.0,0.0,1.7182130584192399,0.5800000000000015,11.336982017200937,11.336982017200937,11.336982017200937
292.0,1.0,1.0,1.0,1.0,0.0,1.7123287671232832,0.5820000000000014,11.375185677429442,11.375185677429442,11.375185677429442
293.0,1.0,1.0,1.0,1.0,0.0,1.706484641638221,0.5840000000000015,11.413383364602876,11.413383364602876,11.413383364602876
294.0,1.0,1.0,1.0,1.0,0.0,1.7006802721088394,0.5860000000000015,11.451575080121941,11.451575080121941,11.451575080121941
295.0,1.0,1.0,1.0,1.0,0.0,1.694915254237284,0.5880000000000014,11.489760825386899,11.489760825386899,11.489760825386899
296.0,1.0,1.0,1.0,1.0,0.0,1.6891891891891853,0.5900000000000014,11.527940601797578,11.527940601797578,11.527940601797578
297.0,1.0,1.0,1.0,1.0,0.0,1.6835016835016792,0.5920000000000014,11.566114410753359,11.566114410753359,11.566114410753359
298.0,1.0,1.0,1.0,1.0,0.0,1.6778523489932846,0.5940000000000015,11.6042822536532,11.6042822536532,11.6042822536532
299.0,1.0,1.0,1.0,1.0,0.0,1.6722408026755813,0.5960000000000014,11.642444131895608,11.642444131895608,11.642444131895608
300.0,1.0,1.0,1.0,1.0,0.0,1.6666666666666627,0.5980000000000014,11.680600046878661,11.680600046878661,11.680600046878661
301.0,1.0,1.0,1.0,1.0,0.0,1.6611295681063083,0.6000000000000014,11.71875,11.71875,11.71875
302.0,1.0,1.0,1.0,1.0,0.0,1.6556291390728437,0.6020000000000014,11.756893992656824,11.756893992656824,11.756893992656824
303.0,1.0,1.0,1.0,1.0,0.0,1.6501650165016466,0.6040000000000014,11.795032026245897,11.795032026245897,11.795032026245897
304.0,1.0,1.0,1.0,1.0,0.0,1.6447368421052593,0.6060000000000013,11.833164102163554,11.833164102163554,11.833164102163554
305.0,1.0,1.0,1.0,1.0,0.0,1.639344262295078,0.6080000000000014,11.871290221805685,11.871290221805685,11.871290221805685
306.0,1.0,1.0,1.0,1.0,0.0,1.6339869281045714,0.6100000000000014,11.909410386567746,11.909410386567746,11.909410386567746
307.0,1.0,1.0,1.0,1.0,0.0,1.628664495114003,0.6120000000000014,11.94752459784476,11.94752459784476,11.94752459784476
308.0,1.0,1.0,1.0,1.0,0.0,1.6233766233766198,0.6140000000000013,11.98563285703131,11.98563285703131,11.98563285703131
309.0,1.0,1.0,1.0,1.0,0.0,1.6181229773462746,0.6160000000000013,12.023735165521549,12.023735165521549,12.023735165521549
310.0,1.0,1.0,1.0,1.0,0.0,1.6129032258064482,0.6180000000000014,12.061831524709188,12.061831524709188,12.061831524709188
311.0,1.0,1.0,1.0,1.0,0.0,1.6077170418006397,0.6200000000000013,12.09992193598751,12.09992193598751,12.09992193598751
312.0,1.0,1.0,1.0,1.0,0.0,1.602564102564099,0.6220000000000013,12.138006400749356,12.138006400749356,12.138006400749356
313.0,1.0,1.0,1.0,1.0,0.0,1.5974440894568656,0.6240000000000013,12.176084920387137,12.176084920387137,12.176084920387137
314.0,1.0,1.0,1.0,1.0,0.0,1.5923566878980857,0.6260000000000013,12.214157496292827,12.214157496292827,12.214157496292827
315.0,1.0,1.0,1.0,1.0,0.0,1.587301587301584,0.6280000000000013,12.252224129857968,12.252224129857968,12.252224129857968
316.0,1.0,1.0,1.0,1.0,0.0,1.582278481012655,0.6300000000000012,12.290284822473662,12.290284822473662,12.290284822473662
317.0,1.0,1.0,1.0,1.0,0.0,1.5772870662460534,0.6320000000000013,12.328339575530586,12.328339575530586,12.328339575530586
318.0,1.0,1.0,1.0,1.0,0.0,1.572327044025154,0.6340000000000013,12.366388390418974,12.366388390418974,12.366388390418974
319.0,1.0,1.0,1.0,1.0,0.0,1.5673981191222541,0.6360000000000013,12.404431268528631,12.404431268528631,12.404431268528631
320.0,1.0,1.0,1.0,1.0,0.0,1.562499999999997,0.6380000000000012,12.442468211248926,12.442468211248926,12.442468211248926
321.0,1.0,1.0,1.0,1.0,0.0,1.5576323987538907,0.6400000000000012,12.480499219968799,12.480499219968799,12.480499219968799
322.0,1.0,1.0,1.0,1.0,0.0,1.5527950310558973,0.6420000000000013,12.518524296076748,12.518524296076748,12.518524296076748
323.0,1.0,1.0,1.0,1.0,0.0,1.547987616099068,0.6440000000000013,12.556543440960848,12.556543440960848,12.556543440960848
324.0,1.0,1.0,1.0,1.0,0.0,1.5432098765432067,0.6460000000000014,12.594556656008734,12.594556656008734,12.594556656008734
325.0,1.0,1.0,1.0,1.0,0.0,1.538461538461535,0.6480000000000014,12.63256394260761,12.63256394260761,12.63256394260761
326.0,1.0,1.0,1.0,1.0,0.0,1.53374233128834,0.6500000000000015,12.670565302144249,12.670565302144249,12.670565302144249
327.0,1.0,1.0,1.0,1.0,0.0,1.5290519877675806,0.6520000000000015,12.708560736004989,12.708560736004989,12.708560736004989
328.0,1.0,1.0,1.0,1.0,0.0,1.5243902439024357,0.6540000000000015,12.746550245575738,12.746550245575738,12.746550245575738
329.0,1.0,1.0,1.0,1.0,0.0,1.5197568389057714,0.6560000000000015,12.78453383224197,12.78453383224197,12.78453383224197
330.0,1.0,1.0,1.0,1.0,0.0,1.5151515151515116,0.6580000000000016,12.822511497388728,12.822511497388728,12.822511497388728
331.0,1.0,1.0,1.0,1.0,0.0,1.5105740181268845,0.6600000000000016,12.860483242400624,12.860483242400624,12.860483242400624
332.0,1.0,1.0,1.0,1.0,0.0,1.5060240963855385,0.6620000000000016,12.898449068661833,12.898449068661833,12.898449068661833
333.0,1.0,1.0,1.0,1.0,0.0,1.5015015015014976,0.6640000000000016,12.936408977556109,12.936408977556109,12.936408977556109
334.0,1.0,1.0,1.0,1.0,0.0,1.4970059880239484,0.6660000000000017,12.974362970466766,12.974362970466766,12.974362970466766
335.0,1.0,1.0,1.0,1.0,0.0,1.492537313432832,0.6680000000000017,13.012311048776686,13.012311048776686,13.012311048776686
336.0,1.0,1.0,1.0,1.0,0.0,1.4880952380952344,0.6700000000000017,13.050253213868327,13.050253213868327,13.050253213868327
337.0,1.0,1.0,1.0,1.0,0.0,1.483679525222548,0.6720000000000017,13.088189467123714,13.088189467123714,13.088189467123714
338.0,1.0,1.0,1.0,1.0,0.0,1.4792899408283984,0.6740000000000017,13.126119809924436,13.126119809924436,13.126119809924436
339.0,1.0,1.0,1.0,1.0,0.0,1.4749262536873116,0.6760000000000018,13.164044243651658,13.164044243651658,13.164044243651658
340.0,1.0,1.0,1.0,1.0,0.0,1.4705882352941138,0.6780000000000018,13.201962769686112,13.201962769686112,13.201962769686112
341.0,1.0,1.0,1.0,1.0,0.0,1.466275659824043,0.6800000000000018,13.239875389408098,13.239875389408098,13.239875389408098
342.0,1.0,1.0,1.0,1.0,0.0,1.461988304093563,0.6820000000000018,13.277782104197492,13.277782104197492,13.277782104197492
343.0,1.0,1.0,1.0,1.0,0.0,1.4577259475218618,0.6840000000000019,13.315682915433733,13.315682915433733,13.315682915433733
344.0,1.0,1.0,1.0,1.0,0.0,1.4534883720930192,0.6860000000000019,13.353577824495833,13.353577824495833,13.353577824495833
345.0,1.0,1.0,1.0,1.0,0.0,1.4492753623188366,0.6880000000000019,13.391466832762378,13.391466832762378,13.391466832762378
346.0,1.0,1.0,1.0,1.0,0.0,1.4450867052023078,0.690000000000002,13.429349941611521,13.429349941611521,13.429349941611521
347.0,1.0,1.0,1.0,1.0,0.0,1.4409221902017249,0.6920000000000021,13.467227152420985,13.467227152420985,13.467227152420985
348.0,1.0,1.0,1.0,1.0,0.0,1.436781609195398,0.6940000000000021,13.50509846656807,13.50509846656807,13.50509846656807
349.0,1.0,1.0,1.0,1.0,0.0,1.4326647564469872,0.6960000000000021,13.542963885429637,13.542963885429637,13.542963885429637
350.0,1.0,1.0,1.0,1.0,0.0,1.4285714285714242,0.6980000000000021,13.58082341038213,13.58082341038213,13.58082341038213
351.0,1.0,1.0,1.0,1.0,0.0,1.42450142450142,0.7000000000000022,13.618677042801554,13.618677042801554,13.618677042801554
352.0,1.0,1.0,1.0,1.0,0.0,1.420454545454541,0.7020000000000022,13.656524784063496,13.656524784063496,13.656524784063496
353.0,1.0,1.0,1.0,1.0,0.0,1.4164305949008456,0.7040000000000022,13.694366635543107,13.694366635543107,13.694366635543107
354.0,1.0,1.0,1.0,1.0,0.0,1.4124293785310689,0.7060000000000022,13.732202598615107,13.732202598615107,13.732202598615107
355.0,1.0,1.0,1.0,1.0,0.0,1.4084507042253476,0.7080000000000023,13.770032674653804,13.770032674653804,13.770032674653804
356.0,1.0,1.0,1.0,1.0,0.0,1.4044943820224673,0.7100000000000023,13.807856865033061,13.807856865033061,13.807856865033061
357.0,1.0,1.0,1.0,1.0,0.0,1.4005602240896313,0.7120000000000023,13.84567517112632,13.84567517112632,13.84567517112632
358.0,1.0,1.0,1.0,1.0,0.0,1.3966480446927327,0.7140000000000023,13.883487594306603,13.883487594306603,13.883487594306603
359.0,1.0,1.0,1.0,1.0,0.0,1.3927576601671263,0.7160000000000024,13.921294135946491,13.921294135946491,13.921294135946491
360.0,1.0,1.0,1.0,1.0,0.0,1.3888888888888842,0.7180000000000024,13.95909479741815,13.95909479741815,13.95909479741815
361.0,1.0,1.0,1.0,1.0,0.0,1.3850415512465328,0.7200000000000024,13.996889580093312,13.996889580093312,13.996889580093312
362.0,1.0,1.0,1.0,1.0,0.0,1.381215469613255,0.7220000000000024,14.034678485343285,14.034678485343285,14.034678485343285
363.0,1.0,1.0,1.0,1.0,0.0,1.3774104683195545,0.7240000000000024,14.07246151453895,14.07246151453895,14.07246151453895
364.0,1.0,1.0,1.0,1.0,0.0,1.3736263736263687,0.7260000000000025,14.110238669050764,14.110238669050764,14.110238669050764
365.0,1.0,1.0,1.0,1.0,0.0,1.3698630136986254,0.7280000000000025,14.148009950248756,14.148009950248756,14.148009950248756
366.0,1.0,1.0,1.0,1.0,0.0,1.3661202185792303,0.7300000000000025,14.185775359502523,14.185775359502523,14.185775359502523
367.0,1.0,1.0,1.0,1.0,0.0,1.3623978201634828,0.7320000000000025,14.223534898181251,14.223534898181251,14.223534898181251
368.0,1.0,1.0,1.0,1.0,0.0,1.3586956521739082,0.7340000000000027,14.261288567653686,14.261288567653686,14.261288567653686
369.0,1.0,1.0,1.0,1.0,0.0,1.3550135501354965,0.7360000000000027,14.299036369288155,14.299036369288155,14.299036369288155
370.0,1.0,1.0,1.0,1.0,0.0,1.3513513513513464,0.7380000000000027,14.336778304452558,14.336778304452558,14.336778304452558
371.0,1.0,1.0,1.0,1.0,0.0,1.3477088948787013,0.7400000000000027,14.374514374514373,14.374514374514373,14.374514374514373
372.0,1.0,1.0,1.0,1.0,0.0,1.3440860215053714,0.7420000000000028,14.412244580840648,14.412244580840648,14.412244580840648
373.0,1.0,1.0,1.0,1.0,0.0,1.3404825737265367,0.7440000000000028,14.449968924798009,14.449968924798009,14.449968924798009
374.0,1.0,1.0,1.0,1.0,0.0,1.3368983957219203,0.7460000000000028,14.48768740775266,14.48768740775266,14.48768740775266
375.0,1.0,1.0,1.0,1.0,0.0,1.3333333333333282,0.7480000000000028,14.525400031070374,14.525400031070374,14.525400031070374
376.0,1.0,1.0,1.0,1.0,0.0,1.329787234042548,0.7500000000000029,14.563106796116504,14.563106796116504,14.563106796116504
377.0,1.0,1.0,1.0,1.0,0.0,1.326259946949597,0.7520000000000029,14.60080770425598,14.60080770425598,14.60080770425598
378.0,1.0,1.0,1.0,1.0,0.0,1.3227513227513177,0.7540000000000029,14.638502756853304,14.638502756853304,14.638502756853304
379.0,1.0,1.0,1.0,1.0,0.0,1.3192612137203115,0.7560000000000029,14.676191955272555,14.676191955272555,14.676191955272555
380.0,1.0,1.0,1.0,1.0,0.0,1.3157894736842053,0.758000000000003,14.713875300877396,14.713875300877396,14.713875300877396
381.0,1.0,1.0,1.0,1.0,0.0,1.312335958005244,0.760000000000003,14.751552795031055,14.751552795031055,14.751552795031055
382.0,1.0,1.0,1.0,1.0,0.0,1.3089005235602043,0.762000000000003,14.78922443909634,14.78922443909634,14.78922443909634
383.0,1.0,1.0,1.0,1.0,0.0,1.3054830287206214,0.764000000000003,14.826890234435645,14.826890234435645,14.826890234435645
384.0,1.0,1.0,1.0,1.0,0.0,1.302083333333328,0.7660000000000031,14.864550182410929,14.864550182410929,14.864550182410929
385.0,1.0,1.0,1.0,1.0,0.0,1.2987012987012934,0.7680000000000031,14.90220428438373,14.90220428438373,14.90220428438373
386.0,1.0,1.0,1.0,1.0,0.0,1.2953367875647617,0.7700000000000031,14.93985254171517,14.93985254171517,14.93985254171517
387.0,1.0,1.0,1.0,1.0,0.0,1.291989664082682,0.7720000000000031,14.977494955765946,14.977494955765946,14.977494955765946
388.0,1.0,1.0,1.0,1.0,0.0,1.2886597938144275,0.7740000000000031,15.015131527896328,15.015131527896328,15.015131527896328
389.0,1.0,1.0,1.0,1.0,0.0,1.2853470437017942,0.7760000000000032,15.052762259466169,15.052762259466169,15.052762259466169
390.0,1.0,1.0,1.0,1.0,0.0,1.2820512820512766,0.7780000000000032,15.090387151834896,15.090387151834896,15.090387151834896
391.0,1.0,1.0,1.0,1.0,0.0,1.2787723785166187,0.7800000000000032,15.128006206361517,15.128006206361517,15.128006206361517
392.0,1.0,1.0,1.0,1.0,0.0,1.275510204081627,0.7820000000000032,15.165619424404621,15.165619424404621,15.165619424404621
393.0,1.0,1.0,1.0,1.0,0.0,1.2722646310432515,0.7840000000000034,15.20322680732237,15.20322680732237,15.20322680732237
394.0,1.0,1.0,1.0,1.0,0.0,1.2690355329949183,0.7860000000000034,15.240828356472502,15.240828356472502,15.240828356472502
395.0,1.0,1.0,1.0,1.0,0.0,1.2658227848101211,0.7880000000000034,15.278424073212344,15.278424073212344,15.278424073212344
396.0,1.0,1.0,1.0,1.0,0.0,1.262626262626257,0.7900000000000034,15.316013958898797,15.316013958898797,15.316013958898797
397.0,1.0,1.0,1.0,1.0,0.0,1.25944584382871,0.7920000000000035,15.353598014888334,15.353598014888334,15.353598014888334
398.0,1.0,1.0,1.0,1.0,0.0,1.2562814070351704,0.7940000000000035,15.391176242537021,15.391176242537021,15.391176242537021
399.0,1.0,1.0,1.0,1.0,0.0,1.253132832080195,0.7960000000000035,15.428748643200494,15.428748643200494,15.428748643200494
400.0,1.0,1.0,1.0,1.0,0.0,1.2499999999999944,0.7980000000000035,15.466315218233971,15.466315218233971,15.466315218233971
401.0,1.0,1.0,1.0,1.0,0.0,1.2468827930174509,0.8000000000000036,15.503875968992245,15.503875968992245,15.503875968992245
402.0,1.0,1.0,1.0,1.0,0.0,1.2437810945273575,0.8020000000000036,15.5414308968297,15.5414308968297,15.5414308968297
403.0,1.0,1.0,1.0,1.0,0.0,1.2406947890818802,0.8040000000000036,15.578980003100293,15.578980003100293,15.578980003100293
404.0,1.0,1.0,1.0,1.0,0.0,1.2376237623762318,0.8060000000000036,15.616523289157557,15.616523289157557,15.616523289157557
405.0,1.0,1.0,1.0,1.0,0.0,1.2345679012345623,0.8080000000000037,15.654060756354617,15.654060756354617,15.654060756354617
406.0,1.0,1.0,1.0,1.0,0.0,1.2315270935960534,0.8100000000000037,15.691592406044167,15.691592406044167,15.691592406044167
407.0,1.0,1.0,1.0,1.0,0.0,1.228501228501223,0.8120000000000037,15.729118239578488,15.729118239578488,15.729118239578488
408.0,1.0,1.0,1.0,1.0,0.0,1.2254901960784257,0.8140000000000037,15.766638258309442,15.766638258309442,15.766638258309442
409.0,1.0,1.0,1.0,1.0,0.0,1.2224938875305567,0.8160000000000038,15.804152463588471,15.804152463588471,15.804152463588471
410.0,1.0,1.0,1.0,1.0,0.0,1.2195121951219454,0.8180000000000038,15.841660856766595,15.841660856766595,15.841660856766595
411.0,1.0,1.0,1.0,1.0,0.0,1.2165450121654444,0.8200000000000038,15.879163439194421,15.879163439194421,15.879163439194421
412.0,1.0,1.0,1.0,1.0,0.0,1.2135922330097033,0.8220000000000038,15.916660212222135,15.916660212222135,15.916660212222135
413.0,1.0,1.0,1.0,1.0,0.0,1.210653753026629,0.8240000000000037,15.9541511771995,15.9541511771995,15.9541511771995
414.0,1.0,1.0,1.0,1.0,0.0,1.2077294685990285,0.8260000000000036,15.991636335475874,15.991636335475874,15.991636335475874
415.0,1.0,1.0,1.0,1.0,0.0,1.2048192771084283,0.8280000000000036,16.029115688400186,16.029115688400186,16.029115688400186
416.0,1.0,1.0,1.0,1.0,0.0,1.2019230769230718,0.8300000000000037,16.06658923732094,16.06658923732094,16.06658923732094
417.0,1.0,1.0,1.0,1.0,0.0,1.1990407673860861,0.8320000000000036,16.104056983586247,16.104056983586247,16.104056983586247
418.0,1.0,1.0,1.0,1.0,0.0,1.1961722488038227,0.8340000000000035,16.14151892854378,16.14151892854378,16.14151892854378
419.0,1.0,1.0,1.0,1.0,0.0,1.1933174224343626,0.8360000000000035,16.178975073540794,16.178975073540794,16.178975073540794
420.0,1.0,1.0,1.0,1.0,0.0,1.1904761904761856,0.8380000000000035,16.21642541992414,16.21642541992414,16.21642541992414
421.0,1.0,1.0,1.0,1.0,0.0,1.1876484560570024,0.8400000000000034,16.253869969040245,16.253869969040245,16.253869969040245
422.0,1.0,1.0,1.0,1.0,0.0,1.1848341232227442,0.8420000000000033,16.29130872223512,16.29130872223512,16.29130872223512
423.0,1.0,1.0,1.0,1.0,0.0,1.1820330969267094,0.8440000000000033,16.328741680854353,16.328741680854353,16.328741680854353
424.0,1.0,1.0,1.0,1.0,0.0,1.1792452830188636,0.8460000000000033,16.36616884624313,16.36616884624313,16.36616884624313
425.0,1.0,1.0,1.0,1.0,0.0,1.17647058823529,0.8480000000000032,16.403590219746206,16.403590219746206,16.403590219746206
426.0,1.0,1.0,1.0,1.0,0.0,1.173708920187789,0.8500000000000031,16.44100580270793,16.44100580270793,16.44100580270793
427.0,1.0,1.0,1.0,1.0,0.0,1.1709601873536255,0.8520000000000032,16.478415596472225,16.478415596472225,16.478415596472225
428.0,1.0,1.0,1.0,1.0,0.0,1.1682242990654164,0.8540000000000032,16.51581960238261,16.51581960238261,16.51581960238261
429.0,1.0,1.0,1.0,1.0,0.0,1.1655011655011613,0.8560000000000031,16.553217821782177,16.553217821782177,16.553217821782177
430.0,1.0,1.0,1.0,1.0,0.0,1.1627906976744147,0.858000000000003,16.590610256013612,16.590610256013612,16.590610256013612
431.0,1.0,1.0,1.0,1.0,0.0,1.16009280742459,0.860000000000003,16.627996906419177,16.627996906419177,16.627996906419177
432.0,1.0,1.0,1.0,1.0,0.0,1.1574074074074034,0.862000000000003,16.66537777434073,16.66537777434073,16.66537777434073
433.0,1.0,1.0,1.0,1.0,0.0,1.1547344110854467,0.8640000000000029,16.702752861119702,16.702752861119702,16.702752861119702
434.0,1.0,1.0,1.0,1.0,0.0,1.1520737327188904,0.8660000000000028,16.740122168097113,16.740122168097113,16.740122168097113
435.0,1.0,1.0,1.0,1.0,0.0,1.149425287356318,0.8680000000000028,16.777485696613574,16.777485696613574,16.777485696613574
436.0,1.0,1.0,1.0,1.0,0.0,1.1467889908256845,0.8700000000000029,16.814843448009274,16.814843448009274,16.814843448009274
437.0,1.0,1.0,1.0,1.0,0.0,1.144164759725397,0.8720000000000028,16.852195423623993,16.852195423623993,16.852195423623993
438.0,1.0,1.0,1.0,1.0,0.0,1.1415525114155216,0.8740000000000027,16.889541624797094,16.889541624797094,16.889541624797094
439.0,1.0,1.0,1.0,1.0,0.0,1.1389521640091083,0.8760000000000027,16.926882052867523,16.926882052867523,16.926882052867523
440.0,1.0,1.0,1.0,1.0,0.0,1.1363636363636331,0.8780000000000027,16.96421670917381,16.96421670917381,16.96421670917381
441.0,1.0,1.0,1.0,1.0,0.0,1.1337868480725593,0.8800000000000026,17.001545595054093,17.001545595054093,17.001545595054093
442.0,1.0,1.0,1.0,1.0,0.0,1.1312217194570104,0.8820000000000024,17.03886871184607,17.03886871184607,17.03886871184607
443.0,1.0,1.0,1.0,1.0,0.0,1.128668171557559,0.8840000000000025,17.076186060887032,17.076186060887032,17.076186060887032
444.0,1.0,1.0,1.0,1.0,0.0,1.126126126126123,0.8860000000000025,17.113497643513867,17.113497643513867,17.113497643513867
445.0,1.0,1.0,1.0,1.0,0.0,1.1235955056179747,0.8880000000000023,17.150803461063038,17.150803461063038,17.150803461063038
446.0,1.0,1.0,1.0,1.0,0.0,1.1210762331838535,0.8900000000000022,17.188103514870605,17.188103514870605,17.188103514870605
447.0,1.0,1.0,1.0,1.0,0.0,1.1185682326621895,0.8920000000000023,17.225397806272206,17.225397806272206,17.225397806272206
448.0,1.0,1.0,1.0,1.0,0.0,1.1160714285714257,0.8940000000000023,17.26268633660307,17.26268633660307,17.26268633660307
449.0,1.0,1.0,1.0,1.0,0.0,1.1135857461024472,0.8960000000000022,17.299969107198024,17.299969107198024,17.299969107198024
450.0,1.0,1.0,1.0,1.0,0.0,1.1111111111111085,0.8980000000000021,17.337246119391455,17.337246119391455,17.337246119391455
451.0,1.0,1.0,1.0,1.0,0.0,1.108647450110862,0.9000000000000021,17.374517374517374,17.374517374517374,17.374517374517374
452.0,1.0,1.0,1.0,1.0,0.0,1.1061946902654842,0.9020000000000021,17.41178287390935,17.41178287390935,17.41178287390935
453.0,1.0,1.0,1.0,1.0,0.0,1.103752759381896,0.904000000000002,17.449042618900553,17.449042618900553,17.449042618900553
454.0,1.0,1.0,1.0,1.0,0.0,1.1013215859030814,0.9060000000000019,17.486296610823747,17.486296610823747,17.486296610823747
455.0,1.0,1.0,1.0,1.0,0.0,1.0989010989010966,0.9080000000000019,17.52354485101127,17.52354485101127,17.52354485101127
456.0,1.0,1.0,1.0,1.0,0.0,1.096491228070173,0.910000000000002,17.560787340795056,17.560787340795056,17.560787340795056
457.0,1.0,1.0,1.0,1.0,0.0,1.0940919037199104,0.9120000000000019,17.598024081506637,17.598024081506637,17.598024081506637
458.0,1.0,1.0,1.0,1.0,0.0,1.0917030567685568,0.9140000000000018,17.635255074477115,17.635255074477115,17.635255074477115
459.0,1.0,1.0,1.0,1.0,0.0,1.0893246187363812,0.9160000000000018,17.672480321037195,17.672480321037195,17.672480321037195
460.0,1.0,1.0,1.0,1.0,0.0,1.0869565217391284,0.9180000000000018,17.709699822517166,17.709699822517166,17.709699822517166
461.0,1.0,1.0,1.0,1.0,0.0,1.0845986984815599,0.9200000000000017,17.74691358024691,17.74691358024691,17.74691358024691
462.0,1.0,1.0,1.0,1.0,0.0,1.0822510822510805,0.9220000000000016,17.7841215955559,17.7841215955559,17.7841215955559
463.0,1.0,1.0,1.0,1.0,0.0,1.0799136069114452,0.9240000000000016,17.82132386977318,17.82132386977318,17.82132386977318
464.0,1.0,1.0,1.0,1.0,0.0,1.07758620689655,0.9260000000000016,17.858520404227416,17.858520404227416,17.858520404227416
465.0,1.0,1.0,1.0,1.0,0.0,1.0752688172042995,0.9280000000000015,17.895711200246836,17.895711200246836,17.895711200246836
466.0,1.0,1.0,1.0,1.0,0.0,1.0729613733905563,0.9300000000000014,17.932896259159275,17.932896259159275,17.932896259159275
467.0,1.0,1.0,1.0,1.0,0.0,1.0706638115631675,0.9320000000000015,17.970075582292147,17.970075582292147,17.970075582292147
468.0,1.0,1.0,1.0,1.0,0.0,1.0683760683760668,0.9340000000000015,18.007249170972468,18.007249170972468,18.007249170972468
469.0,1.0,1.0,1.0,1.0,0.0,1.0660980810234526,0.9360000000000014,18.044417026526837,18.044417026526837,18.044417026526837
470.0,1.0,1.0,1.0,1.0,0.0,1.0638297872340412,0.9380000000000013,18.08157915028144,18.08157915028144,18.08157915028144
471.0,1.0,1.0,1.0,1.0,0.0,1.0615711252653914,0.9400000000000013,18.118735543562064,18.118735543562064,18.118735543562064
472.0,1.0,1.0,1.0,1.0,0.0,1.0593220338983038,0.9420000000000013,18.15588620769409,18.15588620769409,18.15588620769409
473.0,1.0,1.0,1.0,1.0,0.0,1.0570824524312885,0.9440000000000012,18.193031144002465,18.193031144002465,18.193031144002465
474.0,1.0,1.0,1.0,1.0,0.0,1.0548523206751044,0.9460000000000011,18.23017035381176,18.23017035381176,18.23017035381176
475.0,1.0,1.0,1.0,1.0,0.0,1.052631578947367,0.9480000000000011,18.26730383844612,18.26730383844612,18.26730383844612
476.0,1.0,1.0,1.0,1.0,0.0,1.0504201680672258,0.9500000000000012,18.304431599229286,18.304431599229286,18.304431599229286
477.0,1.0,1.0,1.0,1.0,0.0,1.0482180293501038,0.9520000000000011,18.341553637484587,18.341553637484587,18.341553637484587
478.0,1.0,1.0,1.0,1.0,0.0,1.0460251046025093,0.954000000000001,18.378669954534946,18.378669954534946,18.378669954534946
479.0,1.0,1.0,1.0,1.0,0.0,1.0438413361169092,0.956000000000001,18.41578055170288,18.41578055170288,18.41578055170288
480.0,1.0,1.0,1.0,1.0,0.0,1.0416666666666659,0.958000000000001,18.4528854303105,18.4528854303105,18.4528854303105
481.0,1.0,1.0,1.0,1.0,0.0,1.0395010395010387,0.9600000000000009,18.489984591679505,18.489984591679505,18.489984591679505
482.0,1.0,1.0,1.0,1.0,0.0,1.0373443983402482,0.9620000000000007,18.527078037131194,18.527078037131194,18.527078037131194
483.0,1.0,1.0,1.0,1.0,0.0,1.0351966873705996,0.9640000000000007,18.56416576798644,18.56416576798644,18.56416576798644
484.0,1.0,1.0,1.0,1.0,0.0,1.0330578512396686,0.9660000000000007,18.60124778556574,18.60124778556574,18.60124778556574
485.0,1.0,1.0,1.0,1.0,0.0,1.0309278350515458,0.9680000000000006,18.638324091189155,18.638324091189155,18.638324091189155
486.0,1.0,1.0,1.0,1.0,0.0,1.0288065843621392,0.9700000000000005,18.675394686176357,18.675394686176357,18.675394686176357
487.0,1.0,1.0,1.0,1.0,0.0,1.0266940451745372,0.9720000000000006,18.712459571846605,18.712459571846605,18.712459571846605
488.0,1.0,1.0,1.0,1.0,0.0,1.0245901639344257,0.9740000000000006,18.74951874951875,18.74951874951875,18.74951874951875
489.0,1.0,1.0,1.0,1.0,0.0,1.022494887525562,0.9760000000000005,18.786572220511243,18.786572220511243,18.786572220511243
490.0,1.0,1.0,1.0,1.0,0.0,1.0204081632653057,0.9780000000000004,18.82361998614212,18.82361998614212,18.82361998614212
491.0,1.0,1.0,1.0,1.0,0.0,1.0183299389002032,0.9800000000000004,18.860662047729022,18.860662047729022,18.860662047729022
492.0,1.0,1.0,1.0,1.0,0.0,1.0162601626016257,0.9820000000000004,18.89769840658918,18.89769840658918,18.89769840658918
493.0,1.0,1.0,1.0,1.0,0.0,1.0141987829614603,0.9840000000000003,18.93472906403941,18.93472906403941,18.93472906403941
494.0,1.0,1.0,1.0,1.0,0.0,1.012145748987854,0.9860000000000002,18.971754021396137,18.971754021396137,18.971754021396137
495.0,1.0,1.0,1.0,1.0,0.0,1.0101010101010097,0.9880000000000002,19.008773279975372,19.008773279975372,19.008773279975372
496.0,1.0,1.0,1.0,1.0,0.0,1.008064516129032,0.9900000000000003,19.045786841092728,19.045786841092728,19.045786841092728
497.0,1.0,1.0,1.0,1.0,0.0,1.0060362173038229,0.9920000000000002,19.082794706063403,19.082794706063403,19.082794706063403
498.0,1.0,1.0,1.0,1.0,0.0,1.004016064257028,0.9940000000000001,19.1197968762022,19.1197968762022,19.1197968762022
499.0,1.0,1.0,1.0,1.0,0.0,1.002004008016032,0.9960000000000001,19.156793352823513,19.156793352823513,19.156793352823513
500.0,1.0,1.0,1.0,1.0,0.0,1.0,0.9980000000000001,19.193784137241327,19.193784137241327,19.193784137241327
,,,,,,,1.0,19.23076923076923,19.23076923076923,19.23076923076923
